<?xml version="1.0" encoding="UTF-8"?>
<beans xmlns="http://www.springframework.org/schema/beans"
	xmlns:xsi="http://www.w3.org/2001/XMLSchema-instance" xmlns:mvc="http://www.springframework.org/schema/mvc"
	xmlns:context="http://www.springframework.org/schema/context"
	xsi:schemaLocation="http://www.springframework.org/schema/mvc http://www.springframework.org/schema/mvc/spring-mvc-3.2.xsd
		http://www.springframework.org/schema/beans http://www.springframework.org/schema/beans/spring-beans.xsd
		http://www.springframework.org/schema/context http://www.springframework.org/schema/context/spring-context-3.2.xsd">


	<context:component-scan base-package="com.banking.spring.web.controllers">
	</context:component-scan>
	<mvc:annotation-driven></mvc:annotation-driven>


	<mvc:resources location="/resources/" mapping="/static/**" />

	<bean id="messageSource"
		class="org.springframework.context.support.ResourceBundleMessageSource">
		<property name="basename"
			value="com.banking.spring.web.messages.messages"></property>
	</bean>

	<bean id="tilesViewResolver"
		class="org.springframework.web.servlet.view.tiles2.TilesViewResolver">
	</bean>


	<bean id="tilesConfigurer"
		class="org.springframework.web.servlet.view.tiles2.TilesConfigurer">
		<property name="definitions">
			<list>
				<value>/WEB-INF/layouts/default.xml</value>
			</list>
		</property>
	</bean>
</beans>
